<ImportExportXml version="9.2.22073.162" SolutionPackageVersion="9.2" languagecode="1033" generatedBy="CrmLive" xmlns:xsi="http://www.w3.org/2001/XMLSchema-instance">
  <SolutionManifest>
    <UniqueName>kendouidynamics</UniqueName>
    <LocalizedNames>
      <LocalizedName description="Kendo UI Dynamics" languagecode="1033" />
    </LocalizedNames>
    <Descriptions />
    <Version>1.0.0.1</Version>
    <Managed>1</Managed>
    <Publisher>
      <UniqueName>cds</UniqueName>
      <LocalizedNames>
        <LocalizedName description="CDS Publisher" languagecode="1033" />
      </LocalizedNames>
      <Descriptions />
      <EMailAddress xsi:nil="true"></EMailAddress>
      <SupportingWebsiteUrl xsi:nil="true"></SupportingWebsiteUrl>
      <CustomizationPrefix>cr08d</CustomizationPrefix>
      <CustomizationOptionValuePrefix>26701</CustomizationOptionValuePrefix>
      <Addresses>
        <Address>
          <AddressNumber>1</AddressNumber>
          <AddressTypeCode>1</AddressTypeCode>
          <City xsi:nil="true"></City>
          <County xsi:nil="true"></County>
          <Country xsi:nil="true"></Country>
          <Fax xsi:nil="true"></Fax>
          <FreightTermsCode xsi:nil="true"></FreightTermsCode>
          <ImportSequenceNumber xsi:nil="true"></ImportSequenceNumber>
          <Latitude xsi:nil="true"></Latitude>
          <Line1 xsi:nil="true"></Line1>
          <Line2 xsi:nil="true"></Line2>
          <Line3 xsi:nil="true"></Line3>
          <Longitude xsi:nil="true"></Longitude>
          <Name xsi:nil="true"></Name>
          <PostalCode xsi:nil="true"></PostalCode>
          <PostOfficeBox xsi:nil="true"></PostOfficeBox>
          <PrimaryContactName xsi:nil="true"></PrimaryContactName>
          <ShippingMethodCode>1</ShippingMethodCode>
          <StateOrProvince xsi:nil="true"></StateOrProvince>
          <Telephone1 xsi:nil="true"></Telephone1>
          <Telephone2 xsi:nil="true"></Telephone2>
          <Telephone3 xsi:nil="true"></Telephone3>
          <TimeZoneRuleVersionNumber xsi:nil="true"></TimeZoneRuleVersionNumber>
          <UPSZone xsi:nil="true"></UPSZone>
          <UTCOffset xsi:nil="true"></UTCOffset>
          <UTCConversionTimeZoneCode xsi:nil="true"></UTCConversionTimeZoneCode>
        </Address>
        <Address>
          <AddressNumber>2</AddressNumber>
          <AddressTypeCode>1</AddressTypeCode>
          <City xsi:nil="true"></City>
          <County xsi:nil="true"></County>
          <Country xsi:nil="true"></Country>
          <Fax xsi:nil="true"></Fax>
          <FreightTermsCode xsi:nil="true"></FreightTermsCode>
          <ImportSequenceNumber xsi:nil="true"></ImportSequenceNumber>
          <Latitude xsi:nil="true"></Latitude>
          <Line1 xsi:nil="true"></Line1>
          <Line2 xsi:nil="true"></Line2>
          <Line3 xsi:nil="true"></Line3>
          <Longitude xsi:nil="true"></Longitude>
          <Name xsi:nil="true"></Name>
          <PostalCode xsi:nil="true"></PostalCode>
          <PostOfficeBox xsi:nil="true"></PostOfficeBox>
          <PrimaryContactName xsi:nil="true"></PrimaryContactName>
          <ShippingMethodCode>1</ShippingMethodCode>
          <StateOrProvince xsi:nil="true"></StateOrProvince>
          <Telephone1 xsi:nil="true"></Telephone1>
          <Telephone2 xsi:nil="true"></Telephone2>
          <Telephone3 xsi:nil="true"></Telephone3>
          <TimeZoneRuleVersionNumber xsi:nil="true"></TimeZoneRuleVersionNumber>
          <UPSZone xsi:nil="true"></UPSZone>
          <UTCOffset xsi:nil="true"></UTCOffset>
          <UTCConversionTimeZoneCode xsi:nil="true"></UTCConversionTimeZoneCode>
        </Address>
      </Addresses>
    </Publisher>
    <RootComponents>
      <RootComponent type="1" schemaName="cr08d_customer" behavior="0" />
      <RootComponent type="1" schemaName="cr08d_supplyinformation" behavior="0" />
      <RootComponent type="62" schemaName="cr08d_KendoPCFControl" behavior="0" />
      <RootComponent type="80" schemaName="cr08d_KendoPCFControl" behavior="0" />
    </RootComponents>
    <MissingDependencies>
      <MissingDependency>
        <Required type="1" schemaName="cr08d_customer" displayName="Task Details" solution="KendoUIGrid (1.0.0.3)" />
        <Dependent type="1" schemaName="cr08d_customer" displayName="Task Details" />
      </MissingDependency>
      <MissingDependency>
        <Required type="1" schemaName="cr08d_customer" displayName="Task Details" solution="KendoUIGrid (1.0.0.3)" />
        <Dependent type="10" schemaName="cr08d_cr08d_customer_cr08d_customer" displayName="cr08d_cr08d_customer_cr08d_customer" parentSchemaName="cr08d_customer" parentDisplayName="Task Details" />
      </MissingDependency>
      <MissingDependency>
        <Required type="1" schemaName="cr08d_customer" displayName="Task Details" solution="KendoUIGrid (1.0.0.3)" />
        <Dependent type="10" schemaName="cr08d_cr08d_supplyinformation_projectid_cr08d_c" displayName="cr08d_cr08d_supplyinformation_projectid_cr08d_c" parentSchemaName="cr08d_customer" parentDisplayName="Task Details" />
      </MissingDependency>
      <MissingDependency>
        <Required type="1" schemaName="cr08d_customer" displayName="Task Details" solution="KendoUIGrid (1.0.0.3)" />
        <Dependent type="2" schemaName="cr08d_applicationtype" displayName="Application Type" parentSchemaName="cr08d_customer" parentDisplayName="Task Details" />
      </MissingDependency>
      <MissingDependency>
        <Required type="1" schemaName="cr08d_customer" displayName="Task Details" solution="KendoUIGrid (1.0.0.3)" />
        <Dependent type="2" schemaName="cr08d_criticality" displayName="Criticality" parentSchemaName="cr08d_customer" parentDisplayName="Task Details" />
      </MissingDependency>
      <MissingDependency>
        <Required type="1" schemaName="cr08d_customer" displayName="Task Details" solution="KendoUIGrid (1.0.0.3)" />
        <Dependent type="2" schemaName="cr08d_description" displayName="Description" parentSchemaName="cr08d_customer" parentDisplayName="Task Details" />
      </MissingDependency>
      <MissingDependency>
        <Required type="1" schemaName="cr08d_customer" displayName="Task Details" solution="KendoUIGrid (1.0.0.3)" />
        <Dependent type="2" schemaName="cr08d_pastresolutioncomments" displayName="Past resolution comments" parentSchemaName="cr08d_customer" parentDisplayName="Task Details" />
      </MissingDependency>
      <MissingDependency>
        <Required type="1" schemaName="cr08d_customer" displayName="Task Details" solution="KendoUIGrid (1.0.0.3)" />
        <Dependent type="2" schemaName="cr08d_reason" displayName="Reason" parentSchemaName="cr08d_customer" parentDisplayName="Task Details" />
      </MissingDependency>
      <MissingDependency>
        <Required type="1" schemaName="cr08d_customer" displayName="Task Details" solution="KendoUIGrid (1.0.0.3)" />
        <Dependent type="2" schemaName="cr08d_startdate" displayName="Start Date" parentSchemaName="cr08d_customer" parentDisplayName="Task Details" />
      </MissingDependency>
      <MissingDependency>
        <Required type="1" schemaName="cr08d_customer" displayName="Task Details" solution="KendoUIGrid (1.0.0.3)" />
        <Dependent type="2" schemaName="createdby" displayName="Created By" parentSchemaName="cr08d_customer" parentDisplayName="Task Details" />
      </MissingDependency>
      <MissingDependency>
        <Required type="1" schemaName="cr08d_customer" displayName="Task Details" solution="KendoUIGrid (1.0.0.3)" />
        <Dependent type="2" schemaName="createdonbehalfby" displayName="Created By (Delegate)" parentSchemaName="cr08d_customer" parentDisplayName="Task Details" />
      </MissingDependency>
      <MissingDependency>
        <Required type="1" schemaName="cr08d_customer" displayName="Task Details" solution="KendoUIGrid (1.0.0.3)" />
        <Dependent type="2" schemaName="modifiedby" displayName="Modified By" parentSchemaName="cr08d_customer" parentDisplayName="Task Details" />
      </MissingDependency>
      <MissingDependency>
        <Required type="1" schemaName="cr08d_customer" displayName="Task Details" solution="KendoUIGrid (1.0.0.3)" />
        <Dependent type="2" schemaName="modifiedonbehalfby" displayName="Modified By (Delegate)" parentSchemaName="cr08d_customer" parentDisplayName="Task Details" />
      </MissingDependency>
      <MissingDependency>
        <Required type="1" schemaName="cr08d_customer" displayName="Task Details" solution="KendoUIGrid (1.0.0.3)" />
        <Dependent type="2" schemaName="ownerid" displayName="Owner" parentSchemaName="cr08d_customer" parentDisplayName="Task Details" />
      </MissingDependency>
      <MissingDependency>
        <Required type="1" schemaName="cr08d_customer" displayName="Task Details" solution="KendoUIGrid (1.0.0.3)" />
        <Dependent type="2" schemaName="owneridtype" parentSchemaName="cr08d_customer" parentDisplayName="Task Details" />
      </MissingDependency>
      <MissingDependency>
        <Required type="1" schemaName="cr08d_customer" displayName="Task Details" solution="KendoUIGrid (1.0.0.3)" />
        <Dependent type="2" schemaName="owningbusinessunit" displayName="Owning Business Unit" parentSchemaName="cr08d_customer" parentDisplayName="Task Details" />
      </MissingDependency>
      <MissingDependency>
        <Required type="1" schemaName="cr08d_customer" displayName="Task Details" solution="KendoUIGrid (1.0.0.3)" />
        <Dependent type="2" schemaName="versionnumber" displayName="Version Number" parentSchemaName="cr08d_customer" parentDisplayName="Task Details" />
      </MissingDependency>
      <MissingDependency>
        <Required type="10" schemaName="cr08d_cr08d_customer_cr08d_customer" displayName="cr08d_cr08d_customer_cr08d_customer" parentSchemaName="cr08d_customer" parentDisplayName="Task Details" solution="KendoUIGrid (1.0.0.3)" />
        <Dependent type="10" schemaName="cr08d_cr08d_customer_cr08d_customer" displayName="cr08d_cr08d_customer_cr08d_customer" parentSchemaName="cr08d_customer" parentDisplayName="Task Details" />
      </MissingDependency>
      <MissingDependency>
        <Required type="10" schemaName="cr08d_cr08d_customer_cr08d_customer" displayName="cr08d_cr08d_customer_cr08d_customer" parentSchemaName="cr08d_customer" parentDisplayName="Task Details" solution="KendoUIGrid (1.0.0.3)" />
        <Dependent type="60" displayName="Information" parentDisplayName="Task Details" id="{49116aa2-cbdc-424f-98f0-0d1c2d421a4c}" />
      </MissingDependency>
      <MissingDependency>
        <Required type="2" schemaName="cr08d_completedon" displayName="Completed On" parentSchemaName="cr08d_customer" parentDisplayName="Task Details" solution="KendoUIGrid (1.0.0.3)" />
        <Dependent type="60" displayName="Information" parentDisplayName="Task Details" id="{49116aa2-cbdc-424f-98f0-0d1c2d421a4c}" />
      </MissingDependency>
      <MissingDependency>
        <Required type="2" schemaName="cr08d_customerid" displayName="Customer" parentSchemaName="cr08d_customer" parentDisplayName="Task Details" solution="KendoUIGrid (1.0.0.3)" />
        <Dependent type="10" schemaName="cr08d_cr08d_customer_cr08d_customer" displayName="cr08d_cr08d_customer_cr08d_customer" parentSchemaName="cr08d_customer" parentDisplayName="Task Details" />
      </MissingDependency>
      <MissingDependency>
        <Required type="2" schemaName="cr08d_customerid" displayName="Customer" parentSchemaName="cr08d_customer" parentDisplayName="Task Details" solution="KendoUIGrid (1.0.0.3)" />
        <Dependent type="10" schemaName="cr08d_cr08d_supplyinformation_projectid_cr08d_c" displayName="cr08d_cr08d_supplyinformation_projectid_cr08d_c" parentSchemaName="cr08d_customer" parentDisplayName="Task Details" />
      </MissingDependency>
      <MissingDependency>
        <Required type="2" schemaName="cr08d_name" displayName="Name" parentSchemaName="cr08d_customer" parentDisplayName="Task Details" solution="KendoUIGrid (1.0.0.3)" />
        <Dependent type="10" schemaName="cr08d_cr08d_customer_cr08d_customer" displayName="cr08d_cr08d_customer_cr08d_customer" parentSchemaName="cr08d_customer" parentDisplayName="Task Details" />
      </MissingDependency>
      <MissingDependency>
        <Required type="2" schemaName="cr08d_name" displayName="Name" parentSchemaName="cr08d_customer" parentDisplayName="Task Details" solution="KendoUIGrid (1.0.0.3)" />
        <Dependent type="10" schemaName="cr08d_cr08d_supplyinformation_projectid_cr08d_c" displayName="cr08d_cr08d_supplyinformation_projectid_cr08d_c" parentSchemaName="cr08d_customer" parentDisplayName="Task Details" />
      </MissingDependency>
      <MissingDependency>
        <Required type="2" schemaName="cr08d_name" displayName="Name" parentSchemaName="cr08d_customer" parentDisplayName="Task Details" solution="KendoUIGrid (1.0.0.3)" />
        <Dependent type="60" displayName="Information" parentDisplayName="Task Details" id="{49116aa2-cbdc-424f-98f0-0d1c2d421a4c}" />
      </MissingDependency>
      <MissingDependency>
        <Required type="2" schemaName="cr08d_parentid" displayName="Parent Id" parentSchemaName="cr08d_customer" parentDisplayName="Task Details" solution="KendoUIGrid (1.0.0.3)" />
        <Dependent type="10" schemaName="cr08d_cr08d_customer_cr08d_customer" displayName="cr08d_cr08d_customer_cr08d_customer" parentSchemaName="cr08d_customer" parentDisplayName="Task Details" />
      </MissingDependency>
      <MissingDependency>
        <Required type="2" schemaName="cr08d_parentid" displayName="Parent Id" parentSchemaName="cr08d_customer" parentDisplayName="Task Details" solution="KendoUIGrid (1.0.0.3)" />
        <Dependent type="60" displayName="Information" parentDisplayName="Task Details" id="{49116aa2-cbdc-424f-98f0-0d1c2d421a4c}" />
      </MissingDependency>
      <MissingDependency>
        <Required type="2" schemaName="cr08d_percentagecompleted" displayName="% Completed" parentSchemaName="cr08d_customer" parentDisplayName="Task Details" solution="KendoUIGrid (1.0.0.3)" />
        <Dependent type="60" displayName="Information" parentDisplayName="Task Details" id="{49116aa2-cbdc-424f-98f0-0d1c2d421a4c}" />
      </MissingDependency>
      <MissingDependency>
        <Required type="2" schemaName="cr08d_status" displayName="Status" parentSchemaName="cr08d_customer" parentDisplayName="Task Details" solution="KendoUIGrid (1.0.0.3)" />
        <Dependent type="2" schemaName="cr08d_status" displayName="Status" parentSchemaName="cr08d_customer" parentDisplayName="Task Details" />
      </MissingDependency>
      <MissingDependency>
        <Required type="26" schemaName="Customer Lookup View" displayName="Customer Lookup View" parentSchemaName="cr08d_customer" parentDisplayName="Task Details" solution="KendoUIGrid (1.0.0.3)" id="{b9fa3717-5619-4028-859a-4e6f85bd937c}" />
        <Dependent type="60" displayName="Information" parentDisplayName="Task Details" id="{49116aa2-cbdc-424f-98f0-0d1c2d421a4c}" />
      </MissingDependency>
      <MissingDependency>
        <Required type="60" displayName="Information" parentDisplayName="Task Details" solution="KendoUIGrid (1.0.0.3)" id="{49116aa2-cbdc-424f-98f0-0d1c2d421a4c}" />
        <Dependent type="60" displayName="Information" parentDisplayName="Task Details" id="{49116aa2-cbdc-424f-98f0-0d1c2d421a4c}" />
      </MissingDependency>
      <MissingDependency>
        <Required type="62" schemaName="cr08d_KendoPCFControl" solution="KendoUIGrid (1.0.0.3)" />
        <Dependent type="62" schemaName="cr08d_KendoPCFControl" />
      </MissingDependency>
      <MissingDependency>
        <Required type="80" schemaName="cr08d_KendoPCFControl" displayName="KendoPCFControl" solution="KendoUIGrid (1.0.0.3)" />
        <Dependent type="80" schemaName="cr08d_KendoPCFControl" displayName="KendoPCFControl" />
      </MissingDependency>
      <MissingDependency>
        <Required type="9" schemaName="cr08d_customer_cr08d_status" displayName="Status" solution="KendoUIGrid (1.0.0.3)" />
        <Dependent type="9" schemaName="cr08d_customer_cr08d_status" displayName="Status" />
      </MissingDependency>
    </MissingDependencies>
  </SolutionManifest>
</ImportExportXml>